{"0": [1.5707963267948966, 1.5707963267948966], "1": [1.4751228898785032, 1.6757463512539439], "2": [1.7708561339695237, 1.552999733190802], "3": [1.3761648530360329, 1.4190814491054944], "4": [1.6197066506249058, 1.8511842347179783], "5": [1.7395998684063436, 1.2995684408562622], "6": [1.2341977849944066, 1.6649998627582347], "7": [1.9039012626744098, 1.751475890986298], "8": [1.4356186189424118, 1.1891812291867023], "9": [1.4115494707195924, 1.9704296157026957], "10": [1.9776685038111985, 1.3677525522807406], "11": [1.1195481228683661, 1.4182062813497762], "12": [1.8118384416844078, 2.008853526664353], "13": [1.6771114019371103, 1.0639568594690982], "14": [1.1390904437271085, 1.9006250138022245], "15": [2.1218895554403865, 1.650525175786071], "16": [1.2127244737401055, 1.110739140990138], "17": [1.5476962638510356, 2.1636189039044793], "18": [1.9873883352121988, 1.1100072867690822], "19": [0.9433010393591286, 1.6043403999909176], "20": [2.050703996957852, 2.0201101013553675], "21": [1.488767418949673, 0.9134336808511382], "22": [1.2044697158417164, 2.154826422624907], "23": [2.24444858868055, 1.3902448338847382], "24": [0.9702114504988664, 1.1674289046943482], "25": [1.7736509295030065, 2.2714549103079], "26": [1.857412638803338, 0.8790125331105527], "27": [0.8869284309365858, 1.9188999436331369], "28": [2.2841707005329868, 1.887326662496749], "29": [1.2362947364611334, 0.8482416381595006], "30": [1.3873655532161915, 2.3515113053288306], "31": [2.2269351267173234, 1.052889205920918], "32": [0.7610897285032041, 1.3893783722951223], "33": [2.043690004062606, 2.2924240414374064], "34": [1.6329883646921504, 0.7202420116397348], "35": [0.9776861181019262, 2.244107619690171], "36": [2.4494321104625416, 1.564911512190072], "37": [0.9565977614957571, 0.8766755436122595], "38": [1.643405429608854, 2.4732024995339117], "39": [2.0714101480588685, 0.7657677874522619], "40": [0.6623309078092263, 1.8062439009209506], "41": [2.324888874802812, 2.2031816414512586], "42": [1.3533782560760912, 0.6333177405946879], "43": [1.185511913752424, 2.482044750917064], "44": [2.462626445066566, 1.0934446266519187], "45": [0.6842373998928858, 1.0482724720111605], "46": [1.9402265481411198, 2.5270449501898047], "47": [1.8237610223355798, 0.5763681557637709], "48": [0.7403996845684891, 2.2670177667138285], "49": [2.572564885882171, 1.9131870632543333], "50": [1.04446554656048, 0.6130426229623269], "51": [1.4626007344178564, 2.6291538927882687], "52": [2.303822277184702, 0.6976001784759113], "53": [0.4875309855164209, 1.501964142041566], "54": [2.2567722464000393, 2.5093429351042937], "55": [1.525108009930027, 0.46419527148848383], "56": [0.9608055467687854, 2.579002318222315], "57": [2.6803806592169703, 1.2862267329324992], "58": [0.7248865587303125, 0.6803179041329839], "59": [1.777078039615023, 2.7127137155829], "60": [2.0402900696720025, 0.4613433808994602], "61": [0.5009907085770599, 2.2048726911104124], "62": [2.5731420360052493, 2.366050678719293], "63": [1.1989572465920366, 0.40469914656387], "64": [1.2536192788879104, 2.756640568229986], "65": [2.5465719307626307, 0.6669422136178313], "66": [0.4234511416181976, 0.9602973099216067], "67": [2.111857106840567, 2.750646712215377], "68": [1.7275392243513965, 0.32627004231548984], "69": [0.7231717608622716, 2.6599855422716794], "70": [2.8309942204563527, 1.8160551011392734], "71": [0.8578709563359992, 0.38833967326308316], "72": [1.5801728685362801, 2.8615526857248614], "73": [2.270678182640269, 0.3556322759200244], "74": [0.2764485902324695, 1.921988337007856], "75": [2.4573270976237587, 2.741458272486976], "76": [1.3912516090625735, 0.24240655672824266], "77": [1.0300435840024267, 2.874670182617109], "78": [2.794550245469313, 0.6884099351375532], "79": [0.5099522908129204, 0.4357336829076723], "80": [1.923415595872298, 2.931215393356559], "81": [1.9455295949966684, 0.20114800189660714], "82": [0.47890024159669636, 2.74997955494859], "83": [2.804704836033405, 2.6160595697658886], "84": [1.0430343135765576, 0.18130460006237467], "85": [1.3663858450100967, 2.992210595100067], "86": [2.5063030034266296, 0.23068213465490434], "87": [0.17314238913082253, 0.8171740797429335], "88": [2.2751060575808584, 2.9893397682317393], "89": [1.6021929750085584, 0.10577681258932393], "90": [0.8020425705057992, 3.008365897506531], "91": [3.0394163463068025, 0.9927511192306818], "92": [0.6891351285422902, 0.11882075505610085], "93": [1.7139896423403649, 3.0755424962857507], "94": [2.1678823753940772, 0.06689133469396202], "95": [0.2353496702837473, 2.946404408682479], "96": [2.629898907417969, 3.0696925952893106], "97": [1.2523235277190394, 0.02645906143148572], "98": [1.1477949854958478, 3.125059362119534], "99": [2.7354488959614667, 0.01271993453735975], "100": [0.33555123385604724, -0.015261092367931066], "101": [2.0643870556675608, -3.124473104418079], "102": [1.8186939440056735, -0.025920830939564085], "103": [0.5821308200452765, -3.077570102894226], "104": [2.974948662504745, -2.8654422857444874], "105": [0.90327703523593, -0.0704417602316361], "106": [1.4980497375746482, -3.0760458564085718], "107": [2.382317467483191, -0.10971640753170454], "108": [0.08677139494985045, -1.7398492036425006], "109": [2.409477031161115, -2.9982673126517208], "110": [1.4691964275709373, -0.10627458361033407], "111": [0.9363140558962049, -2.9975879484888472], "112": [2.914293309566025, -0.5913558390657236], "113": [0.5667588936157113, -0.2554767961182509], "114": [1.8450069939318017, -2.9896239055399976], "115": [2.0290724861043063, -0.17458767032780356], "116": [0.39947303085495367, -2.7011172587101635], "117": [2.727137723170172, -2.689598704355049], "118": [1.1269297721941562, -0.20736270022106087], "119": [1.2872564867479706, -2.936017132360498], "120": [2.566933539098406, -0.3887655335299977], "121": [0.2958032491553443, -0.8349300376648573], "122": [2.1795354937594, -2.8623321993985402], "123": [1.6817832444803127, -0.23993867396415233], "124": [0.7497103820953507, -2.771881154415661], "125": [2.8810791184080955, -1.6711292443928223], "126": [0.8050096176532079, -0.3784444179742821], "127": [1.6292663898668618, -2.86107300372863], "128": [2.218093832442567, -0.3672660543828982], "129": [0.3345925390939267, -2.015235627754108], "130": [2.4803251218672746, -2.6189829625975998], "131": [1.347225299192144, -0.33065556999050993], "132": [1.095210037084399, -2.76537393299284], "133": [2.674293678044957, -0.8441309033910858], "134": [0.541102965906381, -0.7384770306154235], "135": [1.953280133492799, -2.74684747222284], "136": [1.8776000112680191, -0.3949944025609178], "137": [0.6206137141031367, -2.4365240874424656], "138": [2.679214201888354, -2.0916097839241896], "139": [1.038353928111678, -0.47886182490526286], "140": [1.4287999639573636, -2.717851657499227], "141": [2.360792434329007, -0.6342564831199652], "142": [0.44619326249302593, -1.4278901054714455], "143": [2.2399731211354315, -2.550343396643748], "144": [1.5533436445367577, -0.4637490253636131], "145": [0.942438281753333, -2.5408523184641236], "146": [2.6445961436810217, -1.3713579155436517], "147": [0.7846572234062913, -0.7418160063573755], "148": [1.7404449194161349, -2.6242909754706347], "149": [2.038935034851837, -0.5913295373171686], "150": [0.596038869469827, -2.0123064284598207], "151": [2.4447584334857795, -2.2034325293604007], "152": [1.258847130633634, -0.5876356942797509], "153": [1.2593466974564398, -2.5413244082000133], "154": [2.4199456286745864, -0.9775419939767881], "155": [0.6490872603619972, -1.1752587101825942], "156": [2.011466843408523, -2.4628470192535157], "157": [1.7311322385983756, -0.6253707908058174], "158": [0.8598763494941815, -2.2534683787855223], "159": [2.492638134494795, -1.7160444937544201], "160": [1.0199858687648569, -0.794592143865695], "161": [1.55364681803553, -2.4751657540732133], "162": [2.138846974822065, -0.8407873728211391], "163": [0.6947464336184958, -1.6498563834598121], "164": [2.206849646478574, -2.204529167683563],